ProcedureName,AverageDuration
Free Fibular Flap,690
Oesophagectomy 3 Stage (Mckeown),684
Exenteration Pelvic Total - Male,665
Abdominoperineal Excision of Rectum and Colostomy With Vram Flap,654
Subtotal Colectomy,646
Endoscopic Harvest of Free Flap (Back),642
Hemimandibulectomy,640
Heated Intraperitoneal Chemotherapy (Hipec),636
Maxillectomy - Partial,626
Free Flap of Skin Head or Neck,618
Excision Other Malignant Lesion Head or Neck Plus Free Flap,609
Oesophagectomy Lap Assisted (Ivor Lewis),608
Other Op On Tongue,608
Minimally Invasive Oesophagectomy,603
Cystoprostatectomy Radical,599
Maxillectomy - Extensive,589
Panproctocolectomy and Ileostomy Laparoscopic,585
Mandibulectomy Partial,576
Free Flap of Muscle,567
Lap Abdominoperineal Exc Rectum and Colostomy Bil Pedicle Gracillis Flap,566
Laryngectomy Total,553
Duhamel Pull Through (Hirschprung),540
Formation Ileo-Anal Pouch and Anast Ileum to Anus,530
Free Anterolateral Thigh Flap,528
Excision Other Malignant Lesion Nose Plus Full Thickness Graft,520
Block Dissection of Neck - Bilateral,515
Minimally Invasive Oesophagectomy (Mckeown) 3 Stage,512
Glossectomy Partial,507
Correction Deformity of Spine - Other Specified,491
Anterior Resection and Staple Anastomosis Laparoscopic,490
Anterior Resection and (Tme) and Staple Anastomosis (Laparoscopic),489
Robot Assisted Radical Cystoprostatectomy,487
Exenteration Pelvis Total Female,484
Low Anterior Resection Laparoscopic,481
Abdominoperineal Excision of Rectum and Colostomy,478
Robot Assisted Cystectomy Bladder,475
Int Fixation Fracture Spine,474
Segmental Colectomy,470
Robot Assisted Laparoscopic Cystoprostatectomy,469
Repair Vesico-Vaginal Fistula,468
Nephrectomy Bilateral,468
Radical Excision Tumour,460
Fem-Pop Bypass Below Knee (Vein Graft) Emergency,454
Panproctocolectomy Laparoscopic,450
Subtotal Colectomy - Laparoscopic,449
Correction Deformity of Spine-Posterior Instrumentation,449
Excision S.C.C. Head or Neck Plus Free Flap,447
Reconstruction Breast Using Diep Flap,445
Other Op Abdominal Wall - Anterior - Other Specified,437
Urinary Diversion (Unspecified),435
Thoracotomy,434
Cystoprostatectomy Open,433
Extended Total Gastrectomy,432
Fusion Lumbar Spine - Anterior,431
Lap Abdominoperineal Exc Rectum and Colostomy,431
Panproctocolectomy and Ileostomy,431
Aorto BI Femoral Bypass Graft (Routine),428
Branched Endovascular Aneurysm (Bevar),425
Reversal of Hartmanns,418
Profundoplasty Femoral Artery and Patch Repair,416
Robot Assisted Low Anterior Resection and (Tme),415
Robot Assisted Right Extended Hemicolectomy,415
Robot Assisted Ileo-Colic Resection,411
Open Red Tibial Plateau With Int Fixation,410
Fenestrated Endovascular Aneurysm Repair (Fevar),404
Reversal of Hartmanns Laparoscopic,402
Robot Assist Abdominoperineal Exc of Rectum and Formation of Colostomy,401
Fusion Lumbar Spine - Posterior,401
Laparoscopic Nephroureterectomy Robot Assisted,399
Ileal Conduit Construction Standard,395
Occipital Cervical Decompression and Fusion,393
Aorto-Femoral Bypass Using Graft,393
Anterior Resection of Rectum and Ostomy,393
Anterior Resection and (Tme),390
Gastrectomy Sub Total Laparoscopic,388
Vats Lingulectomy (Excision of Segment of Lung),387
Rep Aortic Bifurcated Aneurysm Plus Anastomosis (Routine),387
Debridement Wound Head / Neck,386
Hartmanns Procedure Laparoscopic,385
Extended Right Hemicolectomy and Anastomosis Nec - Laparoscopic,383
Gastrectomy Total,379
Sigmoid Colectomy and Anastomosis of Colon to Rectum,379
Creation of Defunctioning Ileostomy Inc: Creation of Split Ileostomy,375
Fem-Pop Bypass Below Knee (Vein Graft) Elective,368
Gastrectomy - Sub Total,364
Excision External Ear - Total Pinnectomy,362
Proctectomy,361
High Anterior Resection - Laparoscopic,359
Total Gastrectomy Oesphago-Jejunostomy (Roux En Y),358
Biopsy Mediastinal Tumor/Mass,356
Excision Para-Aortic Lymph Node,354
Application External Fixation Circular,353
Prostatectomy Radical Plus Pelvic Lymphadenectomy,353
Robot Assisted High Anterior Resection,352
Left Hemicolectomy and Anastomosis,344
Femoro-Femoral Crossover Elective,343
Rep Aortic Aneurysm Plus Anastomosis (Routine),342
Repair Parastomal Hernia Using Mesh Open,340
Extended Right Hemicolectomy Laparoscopic,340
Repair Incisional Hernia Unspecified,339
Decompress Thoracic Spinal Cord Plus Fusion of Spine,337
Endarterectomy Femoral,337
Axillo-Bi-Femoral Graft,336
Robot Assisted Left Hemicolectomy,335
Lobectomy Upper,333
Debridement Burns,329
Left Hemicolectomy Laparoscopic,328
Femoro-Distal Bypass,327
Anastomosis of Ileum to Rectum,327
Ureteric Reimplant Unilateral,326
Total Colectomy and Ileostomy Nec,325
Right Hemicolectomy and Ileostomy Hfq,325
Revision Knee to Legion Total Knee Replacement,324
Laparotomy,324
Open Roux-En-Y Gastric Bypass Stomach to Jejunum,323
Decompression Lumbar Spine Posterior Plus Fusion,321
Anterior Resection of Rectum & Ostomy Laparoscopic,320
Anorectoplasty,320
Proctectomy - Laparoscopic,320
Axillo-Femoral Graft,319
Nephroureterectomy Laparoscopic Open Lower End,319
Nephrectomy Radical (Open),315
Insertion Tendon Into Bone,315
Bilobectomy of Lung,315
Robot Assisted Low Anterior Resection,315
Parotidectomy Partial and Preservation of Facial Nerve,314
Vats Excision of A Paraspinal Mass,313
Wide Excision Scc Floor of Mouth,312
Minimally Invasive Spinal Decompression Plus Fusion,312
Anterior Resection and (Tme)And Staple Anastomosis,310
Parotidectomy - Total,310
Laparoscopic Subtotal Gastrectomy (Roux En y Reconstruction),309
Endarterectomy Femoral Plus Patch Repair,304
Repair Incisional Hernia With Mesh,304
Anterior Resection and Staple Anastomosis,302
Lobectomy Middle,298
Fem-Pop Bypass Above Knee (Vein Graft) Elective,298
Fixation Fracture of Spine,297
Posterior Cervical Decompression and Fusion,297
Subtotal Gastrectomy (Roux En y Reconstruction),297
Repair Ventral Hernia Using Mesh,297
Parotidectomy - Partial,296
Femoro-Tibial Bypass (Vein Graft) Elective,295
Laparoscopic Repair of Para Oesophageal Hernia,295
Partial Cystectomy Robotic,294
Robot Assisted Formation Ileal Conduit,293
Urethroplasty Plus Buccal Mucosa Patch,293
High Anterior Resection - Open,293
Nephrectomy Partial (Open),292
Pneumonectomy,292
Femoro-Popliteal Bypass (Vein Graft) Elective,291
Decortication Pleura,291
Fem-Pop Bypass Above Knee (Prosthesis) Elective,290
Nephrectomy Robot Assisted (Laparoscopic),290
Pyeloplasty Anderson-Haynes-Laparoscopic,288
Repair Parastomal Hernia Plus Mesh - Laparoscopic,288
Thoracoscopy (Standard),288
Right Hemicolectomy Laparoscopic,287
Arthrodesis Plus Bone Graft,286
Reconstruction Joint -,284
Application Taylor Spacial Frame,283
Derotation Osteotomy / Coventry Plating (Orif),282
Mastoidectomy Radical,280
Reconstruction Chest Wall - Ot Specified,280
Sigmoid Colectomy and Anastomosis Laparoscopic,280
Robot Assisted Right Hemicolectomy,279
Robot Assisted Resection of Paraspinal Mass,278
Hypospadias Straightening and Graft(Stag),278
Implantation Endoprosthetic Replacement of Bone,278
Bi-Maxillary Osteotomy,277
Creation of Arteriovenous Shunt ( Synthetic Graft),277
Plication of Diaphragm Thoracoscopic,276
Robot Assisted Middle Lobectomy (Vats),275
Right Hemicolectomy,273
Insertion Humeral Nail,273
Gastropexy Laparoscopic,271
Femoral Nail Revision Total Ip Replacement,268
Insertion of Cement Spacer to Joint/Bone,268
Lobectomy Upper Thoracoscopic,268
Nephroureterectomy - Laparoscopic,267
Popliteal Aneurysm Bypass,267
Parotidectomy and Preservation of Facial Nerve,267
Robot Assisted Video Assisted Lobectomy of Lung (Rats),266
Myomectomy Open (Uterus),266
Thyroidectomy Total,265
Vats Tri-Segmentectomy (Excision of Segment of Lung),265
Repair Iliac Aneurysm - Elective,265
Thymectomy Trans-Sternal,264
Block Dissection of Neck,264
Lateral Column Lengthening of Foot,261
Open Excision of Lesion of Stomach Nec,261
Pyeloplasty Other,261
Prostatectomy Radical Robot Assisted (Laparoscopic),260
Lobectomy Lower,260
Ileocaecal Resection Laparoscopic,259
Anterior Decompression of Cervical Spinal Cord,257
Revision Hip to Restoration Total Hip Replacement,257
Robot Assisted Upper Lobectomy,255
Robot Assisted Repair of Para Oesophageal Hernia,254
Robot Assisted Rectopexy,253
Excision Rib,253
Isolated Limb Infusion,252
Pyeloplasty Anderson-Haynes,252
Laparoscopic Heller Cardiomyotomy and Dor Fundoplication,251
Mohs Surgery Head & Neck Area,250
Insertion Tibial Nail,250
Decompress Cervical Spinal Cord-Posterior,250
Colotomy,250
Revision Hip Replacement,250
Thoracoscopic Excision Mediastinal Mass,249
Mastoidectomy Canal Wall Up,248
Nephrectomy Simple,247
Prostatectomy Laparoscopic - Robot Assisted,247
Pollicisation Finger,246
Osteotomy and Internal Fixation (Orif),246
Decompress Thoracic Spinal Cord,245
Cholecystectomy - Partial,244
Lobectomy Lower Thoracoscopic,244
Hdr Brachytherapy Prostate,241
Video Assisted Lobectomy of Lung (Vats),241
Robot Assisted Excision of Segment of Lung (Vats),241
Robot Assisted Bi-Segmentectomy (Excision of Segment of Lung),241
Robot Assisted Hiatal Hernia Repair Laparoscopic,240
Removal Flap of Skin,236
Internal Fixation of A Peri Prosthetic Fracture (Orif),236
Endarterectomy Carotid Plus Patch Repair,236
Block Dissection Glands Groin,235
Ncir Angioplasty Renal,235
Other Operation Endoscopic Unspecified,234
Resection Small Bowel,232
Endovascular Insertion Stent Graft Infrarenal Abdom Aortic Aneur(Evar),231
Excision Lesion Mouth,231
Excision of Segment of Lung Thoracoscopic,229
Correction Deformity Foot - Congenital (Other Specified),229
Nephrectomy Partial - Laparoscopic,229
Revision of Total Prosthetic Replacement of Elbow Joint Using Cement,229
Robot Assisted Lingulectomy Excision of Segment of Lung,229
Reduction Dislocation of Joint - Open,229
Revision Knee Replacement - Details in Comments Please,228
Ncir Trans Jugular Intrahepatic Portosystemic Shunt (Tips),228
Amputation Foot,228
Adjustment External Fixator,227
Sling for Facial Palsy,227
Urethroplasty,227
Repair / Ligate Av Fistula - Acquired,227
Insertion Tissue Expander,226
Nephrectomy Simple Robot Assisted,225
Lobectomy Middle Thoracoscopic,223
Abdominoplasty,223
Exeter Trident Total Hip Replacement (Poly) Extended,222
Posterior Decompression of Lumbar Spine and Intertransverse Fusion,222
Urethrostomy Perineal,221
Therapeutic Mammoplasty,221
Thymectomy Robot Assisted,221
Ncir Type 2 Endoleak With Coils/Onyx or Glue,221
Laparoscopic Heller Cardiomyotomy,220
Excision of Segment of Lung (Vats),220
Robot Assisted Block Dissection of Pelvic Lymph Nodes,220
Endovascular Insertion Aortic Stent Percutaneous,219
Local Flap of Skin Head or Neck,219
Hysterectomy Radical Open,219
Revision Hip to Hybrid Total Hip Replacement,218
Revision Internal Fixation Bone - Plating,217
Repair Hiatal Hernia Laparoscopic,217
Femoro-Popliteal Bypass (Prosthesis) Elective,217
Osteotomy (Orif),216
Pyeloplasty Robot Assisted,216
Robot Assisted Lobectomy Lower,215
Sacrocolpopexy,215
Total Shoulder Replacement Not Using Cement,215
Mastoidectomy Modified Radical,215
Fusion Cervical Spine,215
Int Fixation Tibial Plateau (Orif),215
Nephrectomy Radical Robot Assisted (Laparoscopic),214
Nissen Fundoplication - Laparoscopic,212
Int Fixation Fractured Femur - Plating (Orif),212
Hartmanns Procedure,211
Mandibular Osteotomy - Advancement,211
Nipple Sparing Mastectomy,210
Operation On Penis Other Specified,210
Hysterectomy Total Abdominal & Bil Salpingoophorectomy,210
Bilateral Oophorectomy,210
Repair Aneurysm of Subclavian Artery,210
Anterior Discectomy and Fusion - Cervical (Acdf),209
Excision Urethral Lesion,209
Implantation Penile Prothesis Inflatable,208
Robot Assisted Hysterectomy Total Lap Inc Salpingo Oophrectomy Uni,208
Robot Assisted Tonsillectomy,207
Repair False Aneurysm - Femoral,207
Orchidopexy One Stage Iunilateral Laparoscopic,207
Ileo-Colic Resection Laparoscopic Assisted,206
First Stage Revision Hip Replacement Using Cement Spacer Mould,206
Mastoidectomy Cortical,205
Le Fort Procedure (Colpocleisis),204
Excision Cervical Rib,204
Repair Orbital Fracture,204
Ncir Embolisation Artery - Transluminal,203
Ncir Lithotripsy of Iliac Artery,203
Insertion Femoral Nail,202
Repair Hypospadias - Bracka 1St Stage,202
Repair Tendon Extensor With Graft Primary,201
Freeing of Extensive Adhesions of Peritoneum,201
Matrix Rib Fixation,201
Accolade Trident Total Hip Replacement,200
Below Knee Amputation,200
Redo Hiatal Hernia Repair Laparoscopic,200
Primary Total Prosthetic Replacement of Elbow Joint Using Cement,200
Rib Resection - Thoracic,200
Sub Talar Fusion,200
Robot Assisted Biopsy Mediastinal Lymph Node,199
Enucleation of Eyeball,199
Hysterectomy Total Abdominal (Without Oophorectomy ),199
Amputation Penis Total,198
Nephrectomy Radical-Laparoscopic,197
Revision Arthrodesis Plus Int Fixation,197
Urethrectomy Total,197
Thoracoscopy Lung Volume Robot Assisted,196
Exploration Artery,196
Ankle Replacement,195
Block Dissection of Inguinal Lymph Nodes,195
Incision of Cornea - Other Specified,194
Strictureplasty Small Bowel,194
Robot Assisted Lymphadenectomy,194
Vaginal Hysterectomy and Anterior/Posterior Repair,193
Pedicle Muscle Flap Lattisimus Dorsi,193
Excision Submandibular Gland,193
Mastoidectomy Revision,193
Ncir Embolisation Mesenteric Artery (Iru),192
Laparotomy Gynae,192
Exeter Rim Fit Total Hip Replacement Extended,192
Breast Reduction,192
Decompress Cervical Spinal Cord - Anterior - Plus Fusion of Spine,192
Excision Lesion Submandibular Gland,192
Parotidectomy - Nec,192
Repair Hypospadias,192
Robot Assisted Mucosectomy,192
Fusion Metacarpophalangeal Joint,191
Internal Fixation Fractured Bone Open Extramedullary Specified (Orif),191
Mastopexy,191
Mastoidectomy Canal Wall Down,191
Attention to Colostomy,190
Revision Flap to Head or Neck,190
Revision Myringoplasty,190
Thoracic Endovascular Aneurysm Repair (Tevar),190
Rectopexy Laparoscopic,188
Reconstruction Mandible,188
Ligation Av Fistula,188
Application External Fixation,187
Trochleoplasty,187
Robot Assisted Wedge Resection of Lung,187
Thoracoscopic Wedge Resection of Lung,186
Nephrectomy - Laparoscopic,186
Fusion Joint - Hindfoot (Orif),186
Int Fixation Fractured Humerus - Plating (Orif),185
Brachio-Basilic Transposition Av Fistula,185
Excision S.C.C Skin Plus Direct Closure,185
Robot Assisted Excision Mediastinal Mass,185
Reduction Mammoplasty,185
Repair Hypospadias - 1 Stage,185
Ovarian Cystectomy,184
Excision of Distal Pole of Scaphoid,184
Excision B.C.C. Eyelid Plus Full Thickness Graft,184
Orbital Floor Fracture Repair & Muscle/Orb Fat Repositioning & Implant,184
Ligation Long Saphenous Vein,183
Repair Tendon Secondary,183
Revision Discectomy Lumbar - Posterior,183
Scalenectomy,182
Attention to Total Prosthetic Replacement of Knee Joint Nec,182
Endarterectomy Carotid,181
Laparoscopic Sacrocolpopexy,181
Glans Resurfacing,181
Reconstruction Penis,181
Partial Lobectomy of Lung- Thoracoscopic,180
Exploration Mastoid,180
Opponesplasty,180
Nephrectomy Partial Robot Assisted (Laparoscopic),180
Open Red Slipped Femoral Epiphysis Upper,179
First Stage Revision Knee Using Cement,179
Excision Lesion Chest Wall,179
Block Dissection Glands Groin Endoscopic,179
Other Op On Rectum Via Anus (Other Specified) Tamis,179
Revision A-V. Fistula,179
Revision Hypospadias,179
Percutaneous Nephrolithotomy Plus Fragmentation Using Lithoclast,178
Hysterectomy Total Laparoscopic,178
Orthopaedic Procedure for Attention,177
Replacement Ankle Joint,176
Other Op On Submandibular Duct - Open,175
Exploration Cervical Spine -Laminectomy,175
Cholecystectomy and Expl C.B.D. Laparoscopic Inc Poc,174
Penetration Keratoplasty,174
Thoracoscopy and Pleurodesis Chemical - Talc,174
Robot Assisted Adrenalectomy Unilateral,173
Dermo-Fasciectomy,173
Hemi Thyroidectomy,173
Insertion Artificial Urinary Sphincter Male Bladder,173
Robot Assisted Lung Biopsy,172
Wedge Resection of Lung,172
Vats Excision of Mediastinal Cyst Endoscopic,171
Robot Assisted Hysterectomy Total Lapraoscopic Inc Bso,171
Other Op On Muscle of Eye,171
Reconstruction Ulnar-Collateral Ligament,171
Arthrodesis,171
Amputation Penis Partial,171
Tympanoplasty Cartilage,170
Attention to Tracheal Stoma (Stomaplasty),169
Correction Squint - Divergent,169
Autologous Rectus Fascial Sling,168
O.R.I.F. of Small Bone Using Screw,168
Total Cholecystectomy Nec (Open),168
Posterior Decompression of Lumbar Spine,168
Revision Shoulder Replacement Not Using Cement,167
Hysterectomy Total Laparoscopic Including Bso,167
Hysterotomy,167
Laparoscopic Excision Lesion of Stomach,167
Osteotomy Tarsal Bone -Midfoot (Orif),166
Nephrectomy Robot Assisted,166
Arthroscopic Repair of Ligament Knee,166
Revision Decompression Lumbar Spine,166
Thymectomy Thoracoscopic,165
Suture Skin Primary,165
Prosthetic Replacement of Cervical Intervertebral Disc,165
Bilateral Salpingo-Oophorectomy,165
Excision Branchial Cyst,165
Exeter Rim Fit Total Hip Replacement,165
Robot Assisted Appendicectomy Laparoscopic,164
Sagittal Split Osteotomy,163
Exeter Trident Total Hip Replacement (Ceramic On Ceramic),163
Implantation Semi Rigid Penile Prothesis,163
Rib Resection - Non Thoracic,162
Tympanoplasty Using Graft,162
Thoracic Procedure for Attention,161
Revision Knee Genesis Ii Total Knee Replacement,161
Osteotomy Maxilla Low Level - Le Fort 1,161
Excision Lesion Pharynx,161
Biopsy Mediastinal Lymph Node,161
Carpometacarpal Joint Fusion,160
Appendicectomy Interval,160
Triple Arthrodesis Hindfoot (Orif),160
Vulvectomy Total,160
Reprogramming of Neurostimulator Adjacent to Spinal Cord,159
Revision Arthrodesis,158
Vaginal Hysterectomy Laparoscopically Assisted,158
Atticotomy,158
Correction Syndactyly Toe,158
Legion Total Knee Replacement,158
Int Fixation Fractured Ankle - Open (Orif),158
Glansectomy Penis,158
Exeter Contemporary Cemented Total Hip Replacement,157
Correction Deformity Hand - Congenital (Other Specified),157
Repair Ruptured Tendon,157
Wide Local Excision Tongue,157
Repair Tendon Using Tendon Transfer - Primary,156
Shortening of Bone (Orif),156
Excision Nose ( Total Rhinectomy),156
Decortication of Lung Thoracosopic,156
Ncir Uterine Embolisation - Transluminal,156
Fusion Ankle (Orif),155
Composite Graft of Skin Head or Neck,155
Arthrogram,155
Repair Hernia of Abdominal Wall - Other Specified,155
Repair Orbital Fracture With Implant & Screw,154
Snodgrass Hypospadias Repair,154
Robot Assisted Resection of Sympathetic Chain,154
Vulvectomy Radical,154
Tympanoplasty Combined Approach,154
Transfer Tendon to Tendon,154
Decompress Cervical Spinal Cord,154
Burch Colposuspension,153
Fusion Wrist Plus Int Fixation,153
Intertan - Intramedullary Hip Screw,153
Ncir Us Guided Renal Cyst Ablation Lt,153
Ncir Pta Tibial Artery Right,153
Thyroid Lobectomy,153
Tems Resection Rectal Tumour,152
Pericardial Window,152
Penetrating Graft to Cornea,152
Ncir Pc Stent Inferior Mesenteric Artery,152
Angioplasty - Artery,152
Dacryocystorhinostomy Plus Ins of Tube,152
Excision Pharyngeal Pouch Open,152
Above Knee Amputation,151
Fat Injection - Subcutaneous,151
Percutaneous Nephrolithotomy Plus Fragmentation - Laser,150
Repair Hypospadias - Bracka 2Nd Stage,150
Other Op On Thyroid,149
Robot Assisted Wedge Resection of Gist,149
Stabilisation Shoulder,149
Fusion Finger Interphalageal Joint,149
Colposuspension of Bladder Neck,149
Laser Photocoagulation of Retina for Detachment,148
Robot Assisted Block Dissection of Inguinal Lymph Nodes,148
Tenosynovectomy,148
Sapheno Femoral Disconnection,147
Mohs Surgery to Lesion of Skin,147
Ncir Percutaneous Arterial Chemo Embolisation,147
Ncir Percutaneous Trasluminal of Stent Into Iliac Artery,147
Osteotomy 1St Metatarsal Bone (Orif),147
Fusion Joint - Mid Foot (Orif),147
High Ligation Testicular Vein (Varicocele),147
Epididymectomy Unilateral,147
Amputation Upper Arm (Above Elbow),146
Insertion Av Graft (Arm),146
Laparoscopic Gastrostomy - Insertion Feeding Tube,146
Ncir Percutaneous Transluminal Insertion of Stent Into Femoral Artery,146
O.R.I.F Condyle of Mandible,146
Septorhinoplasty (Implant),146
Stabilisation of Joint - Other Specified,146
Total Shoulder Replacement Using Cement,145
Percutaneous Transluminal Insertion of Stent Into Vein,145
Reduction Fractured Mandible Open,145
Ncir Iliac Arteriography,145
Formation Loop Colostomy Laparoscopic,145
Excision Ulnar Head,145
Colpocleisis Complete,145
Correction Hallux Valgas (Soft Tissue and Bunion),145
Crico-Pharyngeal Myotomy,144
Fusion Scaphoid Plus Bone Graft,144
Ncir Embolisation Renal Artery,144
Ncir Femoral Arteriography Inc Popliteal,144
Nephrectomy Partial Lower Pole Robot Assisted,144
Repair Hypospadias - 2Ndstage,144
Total Prosthetic Replacement of Other Joint,144
Suturing of Sclera,144
Revision Skin Flap,144
Robot Assisted Bullectomy,143
Orchidopexy Unilateral Second-Stage,143
Myringoplasty/Tympanoplasty,143
Magnetic Resonance Image - Nec (Mri),143
Insertion Testicular Prosthesis,142
Bone Graft to Scaphoid,142
Apicectomy,142
Split Skin Graft to Defect Head or Neck,142
Swansons Finger Joints,142
Percutaneous Endoscopic Gastrostomy (Peg),142
Percutaneous Nephrolithotomy ( No Disintegration ) Pcnl,141
Splenectomy Laparoscopic,141
Laparoscopic Diagnostic Treatment to Endometriosis,141
Int Fixation Fractured Tib And/Or Fib - Plating (Orif),140
Flex Sigmoidoscopy and Dilatation Lower Bowel Fibreoptic,140
Fasciectomy,140
Vats Excision of Paracardiac Mass,140
Vaginal Hysterectomy,139
Video Endoscopic Inguinal Lymph Node Dissection (Velind),139
Unitrax Hemiarthroplasty,139
Thoracoscopy Pleural Biopsy (Video Assisted),139
Robot Assisted Hysterectomy Total Laparoscopic,139
Ovarian Cystectomy Laparoscopic,139
Repair Incisional Hernia Plus Mesh - Laparoscopic,139
Laser Stapedotomy Vein Graft,139
Biopsy Pleura Endoscopic,139
Closure Tracheo Oesophageal Fistula (Tof),138
Closure Ileostomy,138
Digital Fasciectomy,138
Ligation Varicocele Scrotal,138
Other Op On Amputation Stump - Other Specified,138
Exeter Trident Total Hip Replacement (Poly),138
Fusion Pip Joint Finger,138
Repair Spigelian Hernia,138
Repair Umbilical Hernia Using Mesh,138
Replacement Radial Head,138
Unilateral Salpingo-Oophorectomy Nec,138
Reverse Polarity Shoulder Replacement,137
Robot Assisted Excision Lesion Chest Wall,137
Other Op On Tendon - Other Specified,137
Mastectomy Plus Axillary Clearance - Blk Dissect,137
Excision Pilonidal Sinus Plus Skin Flap,137
Diagnostic Treatment to Endometriosis Therapeutic,136
Distant Pedicle Flap of Skin Head / Neck,136
Formation Ileostomy,136
Int Fixation Fractured Elbow (Orif),136
Int Fixation Fractured Radius And/Or Ulna - Plating (Orif),136
Isthmectomy of Thyroid Gland,135
Fusion Ankle - Arthroscopic,135
Laparoscopy - General,135
Plastic Operation On Nose - Other Specified,135
Reduction Fractured Malar/Zygoma Open,134
Stabilisation Ankle,134
Ligation Varicocele Inguinal,134
Mastectomy,134
Laparoscopic Caecectomy,134
Internal Fixation Finger (Orif),134
Excision Benign Lesion Head or Neck Plus Direct Closure,134
Delormes Procedure,133
Hybrid Total Hip Replacement,133
Thoracic Sympathectomy,133
Other Op On Mandible (Other Specified),133
Release/Excision Bxo and Graft/Matriderm,132
Revision Posterior Decompression of Lumbar Spine,132
Wiring Olecranon (Orif),132
Insertion Nephrostomy Tube,132
O.R.I.F Scaphoid Using Screws,132
Ncir Tibial Angioplasty (Balloon),132
Debridement Skin,132
Discectomy - Lumbar - Posterior,132
Ets Hemiarthroplasty,132
Excision Perianal Wart,132
Excision Mediastinal Mass,132
Centrax Hemiarthroplasty,132
Amniotic Membrane Graft - Allograft - Head / Neck,131
Dunn's Procedure - Hip Pin for Fix Epiphysis,131
Int Fixation Fractured Wrist (Orif),131
Jejunostomy Lap Assisted,131
Hip Spica Application,131
Repair Inguinal Hernia (Laparoscopic) With Mesh,130
Removal Breast Prosthesis,129
Reconstruction of Ligament,129
Stapedectomy - Laser,129
Ncir Insertion Iliac Stent (Transluminal),129
Maia Joint Replacement,129
Local Flap of Skin,129
Axillary Clearance - Block Dissection Axillary Lymph Nodes,128
Cryo - Plomb and Drainage - for Retinal Detachment,128
Total Hip Replacement - Not Named,128
Robot Assisted Pleural Biopsy,127
Repair Inguinal Hernia With Mesh,127
Partial Splenectomy,127
Attention to Orthodontic Appliance,127
Dynamic Hip Screw,127
Bullectomy of Lung - Thoracoscopic,126
Ncir Angiogram Mesenteric Artery,126
Osteotomy - Os Calsis (Orif),126
Int Fixation Fractured Clavicle (Orif),126
Other Plastic Op On Breast - Other Specified,126
Pain Procedure for Attention,125
Parathyroidectomy,125
Repair Paraumbilical Hernia Laparoscopic,125
Reconstruction Nose,125
Vaginal Repair Anterior and Posterior,125
Int Fixation of Bone Nec (Orif),125
Exploration of Spine - Other Specified,125
Exploration Ulnar Nerve,125
Orchidopexy Second Stage Unilateral Laparoscopic,125
Lunate Replacement,125
Lengthening Tendon,125
Application Skeletal Traction,125
Endobronchial Valve Insertion,125
Excision Lesion Nerve Peripheral,125
Haemostasis Nose Internal,124
Insertion of Vagal Nerve Stimulator,124
Nesbitt's Operation,123
Excision M.M. Head or Neck Plus Local Flap,123
Arthroscopy - Ankle,123
Aequalis Hemi Arthroplasty Shoulder,123
Canaliculodacryocystorhinostomy,123
Cervical Sympathectomy Thoracoscopic,123
Brachio-Cephalic Av Fistula,123
Radio-Cephalic Av Fistula,123
Removal Foreign Body From Orbit,122
Terminalisation Thumb,122
Stripping Long Saphenous Vein,122
Revision Urostomy Stoma,122
Appendicectomy Emergency Laparoscopic,122
Insertion Cannulated Hip Screws,122
General Procedure for Attention,122
Fusion Dip Joint Finger,122
Genesis 2 Total Knee Replacement,121
Orchidopexy One-Stage Bilateral,121
Other Op On Eyelid - Other Specified,121
Laser to Lesion Vulva,121
Mediastinoscopy and Biopsy,121
Arthrolysis - Open,121
Appendicectomy Routine Laparoscopic,121
Biopsy Peritoneum Laparoscopic,121
Cholecystectomy Laparoscopic,121
Cholecystectomy Laparoscopic + Poc,121
Excision M.M. Skin Plus Direct Closure,121
Excision Lacrimal Gland,121
Septorhinoplasty (Graft),121
Removal External Fixation of Bone,121
Other Op On Ligament - Other Specified,121
Other Op On Orbit (Other Specified),120
Salpingo-Oophorectomy Laparoscopic Unilateral,120
Tenolysis Primary,120
Vaginal Hysterectomy and Anterior Repair,120
Excision B.C.C Skin Plus Split Skin Graft,120
Capsulectomy Breast,120
Exploration Joint,120
Excision Thyroglossal Cyst,119
K Wires Fractured Bone - Open,119
Meckel's Diverticulectomy,119
Ncir Embolisation of Ovarian Vein,119
Ncir Popliteal Angioplasty (Balloon),119
Exchange of Expander to Implant,119
Ureteroscopic Fragmentation of Calculus of Ureter Nec,119
Separation Tarsal Coalition,119
Repair Mohs Defect Head/Neck With Local Flap and Skin Graft,119
Repair Inguinal Hernia (Laparoscopic) Plus Sutures,118
Transfer Tendon,118
Exeter Trident Total Hip Replacement (Ceramic On Ceramic) Extended,118
Insertion Cannula / Arterial Line,117
Decompression Ulnar Nerve,117
Reconstruction Finger,117
Pinnaplasty,117
Reconstruction Cruciate Ligament Using Hamstring (Acl),116
Total Cholecystectomy and Exploration of Common Bile Duct,116
Ligation Thoracic Duct,116
Operation Scrotum Other Unspecified,115
Excision M.M. Skin Plus Local Flap,115
Caesarean Section Classical,115
Suture Lacerations Face / Head,115
Revision Uni Knee to Total Knee Replacement,115
Repair Tendon Primary,115
Perineorraphy Female,115
Repair Rotator Cuff Shoulder,114
Bilateral Salpingo-Oophorectomy Laparoscopic,114
Excision Lesion Mesentery Small Bowel,114
Organ Donation Multiple,114
Ligation Parotid Duct,114
Hernioscopy,114
Inc/Drain Haematoma Skin,113
Exploration Parathyroid Gland,113
Formation Defunctioning Colostomy,113
Ncir Drug Coated Balloon Angioplasty Illiac Artery,113
Excision Osteophyte - Bone,113
Dacryocystorhinostomy,113
Patella Femoral Surface Replacement,113
Scleral Fixated Intra Ocular Lens,113
Septorhinoplasty (No Graft/Implant),113
Vaginal Hysterectomy and Posterior Repair,113
Split Skin Graft to Defect,112
Plastic Operation On Penis Other,112
Repair Tendon Using Button,112
Repair Tendon Flexor Primary,112
Rectosigmoidectomy ( Altemeier's Proc ) & Peranal Anastomosis,112
Excision Trapezium,112
Flexible Ureteroscopy and Laser Frag of Calculus of Kidney,111
Insertion Dorsal Column Stimulator,111
Laparoscopy (Paeds),111
Biopsy Lymph Node - Sentinel,111
Removal Foreign Body From Bladder Endoscopic,111
Repair Quadriceps Tendon - Primary,111
Repair Incisional Hernia With Sutures,111
Stapedectomy Revision,111
Wiring Patella (Orif),111
Wide Local Excision Breast Plus Axillary Clearance - Blk Dissect,111
Transposition Ulnar Nerve,110
Reconstruction Finger Tip (Graft),110
Attention to Fixtures for Bone Anchored Hearing Prosthesis,110
Arthroscopic Reconstruction (Acl),110
Block Dissection Lymph Node (D2),110
Closure A-V Fistula,110
Excision Other Malignant Lesion Lip Plus Direct Closure,110
Excision M.M. Head or Neck Plus Full Thickness Graft,110
Laparoscopy and Biopsy (Organ),110
Lengthening of Muscle,110
Ocular Crosslinking Treatment Bilateral,110
Oesophagoscopy and Dilatation Rigid,110
Nephrectomy Partial Robot Assisted (Open),110
Insertion Titanium Elastic Nail,110
Exploration Tendon Sheath,110
Excision of Breast - Partial,109
Excision S.C.C. Ear External Plus Local Flap,109
Repair Inguinal Hernia - Recurrent - (Laparoscopic) Plus Mesh,109
Thinning of Flap,109
Darrach Procedure Exc Distal Ulna,108
Examination Under Anaestheic Oral (Omf),108
Cubital Tunnel Decompression,108
Anterior Vitrectomy,108
Fusion D.I.P. Joint Foot,108
Internal Fixation Fractured Clavical (Hook Plate) (Orif),108
Exploration Lymphatics of Neck,107
Lateral Intercostal Artery Perforator Flap (Licap),107
Arthroscopic Suturing Meniscus,107
Examination Under Anaesthetic -Joint,107
Decompression Guyon Canal,107
Excision Axillary Lymph Node,106
Epiphysiodesis,106
Excision Pip Joint,106
Lipofilling of Breast,106
Lipofilling of Subcutaneous Tissue,106
Exploration Submandibular Duct,106
Repair Ulnar-Collateral Ligament,106
Revision Reconsruction of Breast,106
Repair Rectocele - Perineal,106
Raye Amputation Foot,106
Prostatectomy Transurethral Aquablation Therapy,106
Other Op On Soft Tissue (Other Specified),106
Reconstruction Patellofemoral Ligament Medial,105
Vaginal Repair Posterior,105
Insertion of Neurostimulator Electrodes Into the Spinal Cord,105
Ncir Iliac Angioplasty (Balloon),105
Excision S.C.C. Ear External Plus Full Thickness Graft,105
Examination Under Anaesthetic - Penis,105
Correction of Ptosis of Eyelid Using Frontalis Muscle Technique,105
Arthroscopy and Washout of Knee,104
Evisceration of Eyeball,104
Excision Scrotum Other Specified,104
Int Fixation Fractured Tib And/Or Fib - Percutaneous,104
Hdr Brachytherapy Gynaecological Insertion (Cervix),104
Release Contracture and Z Plasty,104
Other Op On Skin (Other Specified),104
Phacoemulsifcation of Lens - No Implant,103
Venous Sampling,103
Vertebroplasty,103
Thoracoscopy Lung Biopsy (Video Assisted),103
Septoplasty (Fess),103
A-V Fistula Formation,103
Caesarean Section Lower Segment - Cat 2,102
Excision S.C.C Skin Plus Split Skin Graft,102
Decompression Median Nerve,102
Exploration Skin - Other Specified,102
Excision Sweat Gland Axilla,102
Ncir Pta Tibial Artery Left,102
Op Abandoned Anaesthetic Problems,102
Robot Assisted Biopsy Mediastinal Mass,102
Repair Epigastric Hernia Using Mesh,102
Release Sterno-Mastoid Muscle,101
Ncir Angioplasty Femoral (Balloon),101
Dental Fillings,101
Excision Lesion Parotid Gland,101
Curretage (Lesion) of Bone,101
Correction Prominent Ears Bilateral,101
Brow Lift,100
Decompression Shoulder Subacromial - Arthroscopic,100
Open Biopsy of Lesion Mediastinum,100
Other Endoscopic Op On Ileum,100
Harvest of Skin for Graft Other Specified,100
Insertion Breast Prosthesis (Not Augmentation),100
Repair Chest Wall,100
Prostatectomy Transurethral Laser (Holep),100
Reconstruction Cruciate Ligament Using Btb (Acl),100
Placement of Doppler Ultrasound Probe Into Microvascular Vessel Anastomo,99
Percutaneous Endoscopic Gastrostomy (Peg) Lap Assist,99
Reduction Fractured Malar/Zygoma Closed,99
Revision Polypectomy Nasal (Fess),99
Revision Lens Implant,99
Orchidopexy Bilateral,99
Dupuytren Contracture Release,99
Excision Exostosis,99
Colonoscopy and Snare Polyp,99
Bilateral Oophorectomy Laparoscopic,99
Arthroscopic Repair of McL (Medial Collateral Ligament),99
Caesarean Section Lower Segment,98
Excision Myxoma,98
Laparoscopy - Gynae,98
Roll Wide Local Excision Breast,98
Phacoemulsifcation of Lens - No Implant - Ga Cases,98
Removal Metal Work,97
Removal of Gastric Band Laparoscopic,97
Repair Capsule Anterior Labrum for Stabilisation of Glenohumer Joint,97
Repair Inguinal Hernia With Sutures,97
Microlaryngoscopy and Resection Lesion of Larynx,97
Oophorectomy Laparoscopic Unilateral,97
Orchidopexy Unilateral,97
Exploration of Bone,97
Closure of Urethral Fistula,97
Amputation of Finger,97
Avulsion Varicose Veins of Leg,97
Amputation and Reconstruction Accessory Toe,96
Caesarean Section Lower Segment - Cat 3,96
Dressing of Skin Using Vacuum Assisted Closure Device Nec,96
Endoscopic Examination of Intestinal Conduit,96
Extraction Calculus Submandibular Duct,96
Orchidectomy Total Unilateral,96
Operation Testis Other Specified,96
Operation On Submandibular Duct,96
Ncir Pta Dialysis Fistula,96
Repair Capsule Anterior Posterior Labrum for Stab of Glenohumer Joint,96
Reconstruction Cruciate Ligament (Acl),96
Otis Urethrotomy in Male,96
Zuk Unicompartmental Knee Replacement,96
Wire Guided Wide Local Excision Breast,95
Other Op On Muscle,95
Pyrocarbon Finger Joint Replacement (Not Using Cement),95
Prostatectomy Transurethral (Turp),95
Polypectomy Nasal (Fess),95
Tag Guided Wide Local Excision Breast,95
Oesophagoscopy Rigid,95
Marsupialisation of Lesion Liver,95
Ethmoidectomy Intranasal - Fess,95
Excision of Mammary Duct Fistula,95
Excision Lesion Trachea,95
Excision S.C.C. Head or Neck Plus Split Skin Graft,95
Excision Lesion Mammary Duct,95
Caesarean Section Lower Segment - Cat 4,95
Biopsy Axillary Lymph Node,95
Excision Lesion Orbit,94
Excision Lymph Node (Nec),94
Orchidopexy Bilateral - Scrotal Approach,94
Exploration Scrotum for Infection,94
Formation Colostomy -Nec,94
Incision Male Bladder Neck Endoscopic - Laser,94
Int Fixation Fractured Ankle - Percutaneous,94
Tympanotomy,94
Other Specified Ureteroscopy Diagnostic,94
Release Syndactyly,94
Repair Muscle,93
Resection Muscle Eye - Other Specified,93
Laparoscopy for Staging,93
Laser to Lesion Palate,93
Excision Lesion Bone,93
Biopsy of Sentinel Lymph Node,93
Biopsy Rectum,93
Excision Cervical Lymph Node,92
Excision Dental Cyst,92
Excision S.C.C Skin Plus Full Thickness Graft,92
Laparoscopy and Dye,92
Other Op On Introitus of Vagina (For Cyst),92
Keratoplasty,92
Kyphoplasty Fractured Spine,92
Exploration Peripheral Nerve,92
Resection Fibroids Endoscopic,92
Other Op On Trachea Open (Other Specified),92
Pharyngoscopy,92
Repair Femoral Hernia With Sutures,91
Selective Denervation of Peripheral Nerve,91
Ncir Arteriography,91
Excision M.M. Skin Plus Split Skin Graft,91
Excision Lesion Spermatic Cord,91
Excision Branchial Fistula,91
Excision B.C.C Skin Plus Full Thickness Graft,91
Division Cremaster,91
Correction of Ptosis of Eyelid Using Levator Muscle Technique,91
Closure Oro-Antral Fistula,90
Correction Squint,90
Bronchoscopy Fibreoptic,90
Bilateral Salpingectomy Laparoscopic,90
Excision B.C.C. Ear External Plus Full Thickness Graft,90
Excision Pre-Auricular Sinus,90
Ncir Fistulogram,90
Ureteroscopic Laser Fragmentation of Calculus of Ureter,90
Vaginal Repair Anterior,90
Repair Inguinal Hernia - Recurrent - With Mesh,90
Removal of Vagal Nerve Stimulator,89
Radiofrequency Ablation of Varicose Vein of Leg Bilateral,89
Scarff Osteotomy (Foot),89
Exploration of Groin,89
Fusion Mtp Joint - First (Orif),89
Excision Ganglion Wrist,89
Elongation Achilles Tendon,89
Enucleation Dental Cyst (Jaw),89
Excision Hydradenitis - Axilla,88
Excision Excess Mucosa Form Lip,88
Excision M.M. Head or Neck Plus Direct Closure,88
Attention to Neurostimulator - Spinal,88
Arthroscopy - Elbow,88
Colonoscopy,88
K Wires Fractured Bone - Percutaneous,88
Liposuction,88
Ligation Vein,87
Lumbar Sympathectomy (Phenol),87
Neurolysis - Peripheral Nerve,87
Orchidectomy Inguinal Unilateral,87
Haemorrhoidal Artery Ligation Doppler Guided (Halo) Plus Mucopexy,87
Exploration Tendon,87
Correction Prominent Ear,87
Correction Squint - Inferior Rectus Recession,87
Arthroscopy - Shoulder,87
Excision Ear External - Partial,87
Excision B.C.C. Nose External Plus Full Thickness Graft,87
Division Adhesions Peritoneal Endoscopic,87
Washout of Joint,87
Prostatectomy Transurethral (Turp) Using Bipolar Diathermy,87
Removal Internal Fixation of Bone,86
Wide Local Excision Breast,86
Deroofing Renal Cyst Laparoscopic,86
Division of Muscle,86
Debridement Wound,86
Amputation Duplicated Thumb,86
Cystoscopy and Tur Bladder Tumour Laser,86
Correction Squint - Bil Medial Rectus Recession,85
Angiography - Nec,85
Division Flap of Skin Head / Neck,85
Excision Lesion Sublingual Gland,85
Excision of Neurofibromas,85
Haemostasis Post Op,85
Orchidopexy 1St Stage Unilateral Laparoscopic,85
Operation Vagina Other Specified,85
Orchidopexy One-Stage Unilateral,85
Ncir Liver Biopsy Transjuglar,85
Lymphadenectomy,85
Ligation Sphenopalatine Artery,85
Repair Femoral Hernia Using Mesh,85
Ureteroscopy Rigid,85
Sialendoscopy,85
Repair of Palate - Other Specified,84
Repair Paraumbilical Hernia Using Sutures,84
Excision S.C.C. Head or Neck Plus Full Thickness Graft,84
Excision Benign Lesion Skin Plus Full Thickness Graft,84
Excision Bone,84
Dilatation Submandibular Duct,84
Adeno-Tonsillectomy and Grommets,84
Branemark Implants to Jaw Stage 2,84
Caldwell Luc,83
Cryotherapy to Lesion of Conjunctiva,83
Cystostomy and Suprapubic Catheter Insertion,83
Endoscopic Retrograde Cholangio Pancreatography (Ercp),83
Exc Other Malignant Lesion Skin Plus Split Skin Graft,83
Excision Lesion Tendon,83
Menisectomy Arthroscopic,83
Ncir Ureteric Stent Antegrade Right,83
Ncir Vangioplasty Subclavian,83
Fistulaplasty,83
Journey Total Knee Replacement,83
Repair Tendon Extensor Primary,83
Release Fasciotomy Anterior Compartment Lower Leg,83
Repair Umbilical Hernia Using Mesh Laparoscopic,83
Suture of Eyebrow,83
Revision Amputation Stump,82
Stapling Pharyngeal Pouch,82
Release Tennis Elbow (Lateral Release),82
Insertion Prosthetic Lens Replacement Plus Suture Fixation,82
First Stage Insertion of Fixtures for Bone Anchored Hearing Prosthesis,82
Flexible Ureteroscopy & Biopsy Kidney,82
Ncir Inferior Vena Cava Filter Removal,82
Laser to Ureteric Lesion Endoscopic,82
Excision Lesion Soft Tissue (Lump),82
Excision Lesion Parathyroid Gland,82
Endometrial Polypectomy (Vaginal Approach),82
Correction Ptosis,82
Colonoscopy and Biopsy,81
Aspiration of Lens,81
Herniotomy Unilateral (Paediatric),81
Release Contracture of Joint - Other Specified,81
Repair Capsule of Joint - Stabilisation,81
Repair Umbilical Hernia With Sutures,81
Urethral Catheterisation,81
Revision Fusion Toe,80
Other Op On Mouth,80
Outpatient Shave Excision Skin Lesion,80
Ligation Varicose Vein of Leg (Unspecified),80
Biopsy Lesion Mandible,80
Decompression Tendon Sheath,80
Excision Lesion Penis,80
Excision Breast Lump With Localisation,79
Evacuation Haematoma Vulva,79
Correction Ectropian,79
Ligation Patent Processus Vaginalis (Ppv),79
Laryngoscopy and Biopsy,79
Ncir Fluoro Guided Insertion Venous Access Port,79
Gift Laparoscopy,79
Reduction of Turbinate of Nose Nec,79
Septoplasty,79
Weils Osteotomy - Metatarsal Heads (Orif),79
Vitrectomy Plus Inj Vitreous Substitute,78
Vascular Ultrasound,78
Ureteroscopy - Flexible,78
Repair Ventral Hernia Plus Mesh Laparoscopic,78
Gastroscopy / Upper Gi Endoscopy Fibreoptic (Ogd),78
Injection Into Larynx,78
Insertion Seton to Anal Fistula Plus Laying Open Track,78
Other Op On Larynx (Other Specified),78
Loop Colostomy,78
Microlaryngoscopy and Laser to Lesion,78
Adenoidectomy and Grommets,78
Amputation Toe,78
Division Flap of Skin,78
Excision Schwannoma,78
Excision Pilonidal Sinus,78
Excision B.C.C. Head or Neck Plus Full Thickness Graft,77
Attention to Penile Prosthesis,77
Manual Evacuation of Faeces,77
Lithopaxy Laser,77
Ncir Insertion Central Venous Catheter,77
Full Thickness Graft to Defect,77
Second Stage Insertion of Fixtures for Bone Anchored Hearing Prosthesis,77
Outpatient Excision of Lipoma,77
Phacoemulsification Len Plus Implant Using I Ring Pupil Expander (Ga),77
Shave Skin of Nose,76
Ureteroscopic Extraction of Calculus of Ureter - (No Disintegration),76
Herniotomy Bilateral (Paediatric),76
Caesarean Section Lower Segment - Cat 1,76
Excision Lesion Breast,76
Excision Nerve Peripheral,76
Excision Lesion Rectum Peranal,76
Elevation Fractured Zygoma,76
Endometrial Resection of Polyp,75
Endothelial Keratoplasty (Dsaek) Without Phaco,75
Excision Pharyngeal Pouch Endoscopic,75
Excision Benign Lesion Skin Plus Direct Closure,75
Inc/Drain Dental Abscess,75
Haemostasis Post Op Tonsil Beds,75
Osteotomy Metarsals - Multiple (Orif),75
Lcs Plus Tarso Conjunctival Diamond,75
Lord's Plication of Hydrocele,75
Surgical Removal of Multiple Teeth,75
Simple Extraction Multiple Teeth,74
Partial Excision of Bone,74
Release Tendon,74
Removal of Neurostimulator Adjcent to Spinal Cord,74
Microdochectomy,74
Other Excision of Breast - Other Specified,74
Formation Tracheo Oesophageal Fistula / Puncture,74
Exploration Wound,74
Excision Bursa,74
Excision Hydrocele,74
Excision Lesion Tongue,74
Division Adhesions Nasal - Internal,74
Bronchoscopy Biopsy/Brushings Fibreoptic,74
Circumcision Standard,74
Biopsy Bone - Open,74
Amputation Hallux,74
Amniotic Membrane Graft to Cornea,74
Akin Osteotomy - Proximal Phalanx (Orif),74
Biopsy Lymph Node (Nec),73
Blepharoplasty,73
Examination Under Anaesthetic,73
Excision Lesion Vagina,73
Excision Distal Clavicle,73
Foreskin Operation Other,73
Resuturing Abdominal Wound,73
Shortening of Amputation Stump,72
Surgical Removal of Impacted Wisdom Teeth,72
Vulvectomy Partial,72
Reconstruction Eyelid - Other Specified,72
Other Plastic Exe Skin of Abdomen,72
Extraction Supernumary Tooth,72
Jaboulay's Eversion of Hydrocele,72
Oesophagoscopy and Dilatation Balloon Fibreoptic,72
Excision Lesion of Joint,72
Excision of Arteriovenous Malformation,72
Division Adhesions Labial,72
Drainage Abdominal Abscess Open,72
Correction Squint - Inferior Oblique Recession,72
Columelloplasty,71
Adeno-Tonsillectomy,71
Endothelial Keratoplasty (Dsaek) With Phaco,71
Embolisation Varicocele,71
Maintenance of Vagal Nerve Stimulator,71
Microlaryngoscopy and Inj Teflon to Vocal Cords,71
Int Fixation Fractured Elbow - Percutaneous,71
Removal Fixation From Bone of Face,71
Sub Mucous Diathermy,71
Synovectomy (Inc Partial Synovectomy),70
Ureteroscopy and Biopsy Ureter,70
Ureteroscopy Diagnostic Simple,70
Release Contracture of Skin,70
Posterior Vitrectomy,70
Insertion Peritoneal Catheter,70
Insertion Gastrostomy Button - Endoscopic Fibre-Optic,70
Insertion Gastrostomy Tube Percutaneous,70
Inc/Drain Bartholins Abscess,70
Gu Procedure for Attention,70
Girdlestones - Excision Arthroplasty,70
Fusion Toe,70
Excision Lesion Vulva,70
Excision Lipoma,70
Excision Mammary Duct Subareolar,69
Drainage Hydrocele,69
Dental Clearance,69
Biopsy Nasal Septum,69
Correction of Ptosis of Eyelid Using Aponeurosis Technique,69
Correction Squint - Medial Rectus Recession,69
Insertion Port-A-Cath,69
Irrigation Bladder Urethral (Bladder Washout),69
Panendoscopy - Ent (Pharyngoscopy - Laryngoscopy - Oesophagoscopy),69
Reconstruction Nipple,69
Removal Wax From Ear,69
Repair Choanal Atresia,69
Revision Scar,69
Trabeculectomy Plus Injection 5 Fu,68
Tonsillectomy,68
Tonsillectomy for Quinsy,68
Other Op On Nasal Sinus - Other Specified,68
Plastic Procedure for Attention (For Emergency Theatre Use Only),68
Insertion Upper Eyelid Levator Recession and Platinum Segments,68
Insertion Ureteric Stent Endoscopic,68
Ncir Fluro Guided Portacath Removal,68
Colposcopy of Vagina,68
Change of Jj Stent,68
Endoscopic Lithopaxy,68
Examination Under Anaesthetic & Biopsy Post Nasal Space(Pns),68
Excision Lesion of Palate,67
Bronchoscopy Biopsy/Brushings Rigid,67
Biopsy Bone (Inc Needle Biopsy),67
Microlaryngoscopy and Biopsy,67
Other Op On Middle Ear,67
Repair of Varicocele,67
Redressing of Skin Using Vacuum Assisted Closure Device Nec,67
Removal Central Venous Catheter,67
Revision Carpal Tunnel Decompression,67
Wedge Resection Lip,67
Suprapubic Catheter Insertion,66
Removal Fixation From Mandible,66
Repair Achilles Tendon,66
Extraction of Impacted Wisdom Tooth,66
Extraction Calculus Parotid Duct Open,66
Fenton's Repair,66
Biopsy Lesion of Breast,66
Excision Ganglion,66
Excision of Breast Duct,66
Examination Under Anaesthetic (Plastic),66
Cystoscopy and Tur Bladder Tumour (Turbt),65
Biopsy Joint,65
Arthroscopy and Biopsy Lesion Knee Joint,65
Injection Rectal Prolapse,65
Middle Meatal Antrostomy - Fess,65
Ncir Embolisation Arteriovenous Malformation,65
Ncir Cholangiography Percutaneous,65
Meatoplasty Urethral Orifice,65
Other Op On (Naso)Pharynx (Other Specified),65
Repair Epigastric Hernia,65
Probing of Nasolacrymal Duct,65
Washout/Debridement Wound,65
Surgical Removal of Tooth,64
Phacoemulsification Lens Plus Implant of Lens - General Anaesthetic,64
Other Op On Nose External - Other Specified,64
Other Op On Hydrocele Specified,64
Other Op On Brachial Artery - Open,64
Ncir Sclerotherapy,64
Ncir Venography,64
Ncir Ureteric Stent Antegrade Left,64
Branemark Bone Anchored Hearing Aid (Baha),64
Bonding of Tooth,64
Change of Vagal Nerve Stimulator,64
Coronectomy,64
Correction Squint - Lateral Rectus Recession,64
Drainage Scrotum,64
Excision Lesion Testis,64
Excision Lesion Epididymis,64
Excision Haemangioma,63
Excision S.C.C. Lip Plus Direct Closure,63
Examination Under Anaesthetic - Eye,63
Dorsal Slit of Prepuce,63
Cervical Polypectomy,63
Orchidopexy Unilateral - Scrotal Approach,63
Oesophagoscopy and Biopsy Fibreoptic,63
Microlaryngoscopy,63
Ncir Embolisation of Testicular Vein,63
Hysteroscopy and Biopsy Uterus,63
K Wires to Fingers - Percutaneous,63
Exposure of Tooth,63
Fusion Toe - Interphalageal Joint,63
Haemorrhoidectomy,63
Pharyngoscopy and Dilatation,63
Polypectomy Nasal,63
Repair Femoral Hernia Using Mesh - Laparoscopic,63
Surgical Removal of Impacted Tooth,63
Suture Laceration Primary,63
Vaginal Termination of Pregnancy Suction,63
Surgical Removal of Wisdom Tooth,62
Retrograde Pyelography Endoscopic,62
Removal of Tunnelled Central Venous Catheter,62
Prepuceplasty,62
Outfracture of Inferior Turbinates,62
Closure Tracheostomy,62
Examination Under Anaesthetic - Rectum,62
Excision Lump in Breast,62
Excision Lesion Skin Head / Neck,61
Excision Ganglion Foot/Ankle,61
Excision B.C.C. Lip Plus Full Thickness Graft,61
Excision Anal Fistula,61
Cystourthroscopy,61
De-Quervains Release,61
Blood Collection Under Anaesthetic,61
Gastrostomy,61
Fusion Pip Joint Foot,61
Other Op On Hymen,61
Other Op On Ear External - Other Specified,61
Repair Inguinal Hernia - Recurrent - Sutures,61
Terminalisation Finger,61
Vitrectomy,61
Trabeculectomy Plus Mytomycin,61
Vasectomy for Contraceptionand Bil,60
Removal Ureteric Stent Endoscopic,60
Removal of Taylor Spacial Frame,60
Removal Dorsal Column Stimulator,60
Re-Excision of Breast Margins,60
Other Op On Nose Internal Other Specified,60
Pharyngoscopy and Biopsy,60
One Stage Insertion of Fixtures for Bone Abchored Hearing Prosthesis,60
Ncir Central Line Repositoning,60
Ncir Creation of Permanent Gastrostomy,60
Excision/Biopsy Inguinal Lymph Node,60
Insertion Seton to Anal Fistula,60
Insertion Central Venous Catheter,60
Biopsy Thoracic Vertebra,60
Closure Oral Fistula,60
Attention to Dorsal Column Stimulator,60
Biopsy Anus,60
Direct Laryngoscopy,60
Examination Under Anaesthetic -Pharynx,60
Exc Other Malignant Lesion Skin Plus Full Thickness Graft,60
Excision Bone Fragments,60
Excision Dermoid Cyst,60
Excision M.M. Skin Plus Full Thickness Graft,59
Excision Anal Lesion,59
Drainage Gall Bladder,59
Attention to Gastrostomy Tube ( Change),59
Arthroscopy - Knee,59
Change Catheter Suprapubic,59
Insertion of Prostate Rectal Spacer (Under La),59
Insertion Weight to Eyelid,59
Excision Sinus Skin,59
Outpatient Excision Lesion Skin,59
Removal Foreign Body From Foot,59
Repair Retinal Detachment,59
Urethral Dilatation Endoscopic Optilume,59
X-Ray Procedure for Attention,59
Repair Nerve Peripheral Primary (Digital Nerve),58
K Wires to Wrist - Percutaneous,58
Myringotomy,58
Ncir Insertion of Nasojejunal Tube,58
Ncir Insertion of Tunnelled Venous Catheter,58
Ncir Insertion Tunnelled Abdominal Drain,58
Orbitotomy,58
Other Arthroscopic Operation - Other Specified,58
Cauterisation Nose Internal,58
Check Cystoscopy (Rigid),58
Examination Under Anaesthetic Gynaecological,58
Evacuation of Uterus (Gynae),58
Excision Nail Total,58
Excision Nail Bed,57
Excision Anal Polyp,57
Debulking of Lesion,57
Biopsy Tonsil,57
Correction Deformity - Toe,57
Operations On Eyebrow - Unspecified,57
Laying Open Peri-Anal Fistula,57
Injection Thyroplasty Vocal Cord Injection Medialisation,57
Removal of Nail Spicule,57
Overdistension Bladder Endoscopic,57
Polypectomy Aural Middle Ear,57
Trimming of Turbinates,57
Trabeculectomy,57
Transdermal Administration of Theraputic Substance (Qutenza Patch),56
Other Plastic Excision of Skin - Other Specified,56
Release Trigger Thumb,56
Removal Silcone Oil From Vitreous Body,56
Inc/Drain Perianal Abscess,56
Haemorrhoidal Artery Ligation,56
Ncir Removal Central Venous Catheter,56
Dental Clearance Lower,56
Dropped Nucleus for Vitrectomy,56
Excision Lesion Skin,56
Excision Lesion Umbilicus,55
Excision Lesion Bone of Face,55
Destruction Urethral Valve Posterior - Endoscopic,55
Diathermy to Endometrial Deposits Endoscopic,55
Cystoscopy and Biopsy Prostate,55
Op Abandoned Surgical Problems,55
Frenectomy Lip,55
Hysteroscopy,55
Urethroscopy Diagnostic,55
Urethral Dilatation (Rigid Dilators),55
Urethral Dilatation Endoscopic,55
Urethrotomy Optical,55
Spot Weld Nasal Valve,54
Other Op On Umbilicus - Other Specified,54
Phacoemulsification Len Plus Implant Using Iris Hooks,54
Radiofrequency Ablation of Varicose Vein of Leg,54
Laser to Lesion Mouth,54
Biopsy Prostate (Endoscopic),54
Cervical Smear,54
Bronchoscopy Rigid,54
Biopsy Mouth,54
Anal Sphincterotomy Lateral,53
Biopsy Vagina,53
Cystoscopy and Cystodiathermy,53
Cystoscopy Nec,53
Excision Accessory Digit,53
Examination Under Anaesthetic -Ear,53
Ncir Biliary Drainage Insertion Catheter Percutaneous,53
Ncir Aphresis Catheter Insertion,53
Oesophagoscopy and Dilatation Fibreoptic,53
Ncir Uretertic Stent Retrograde Both,53
Nephrostomy,53
Insertion Hickman Line,53
Probing and Syringing of Eye,53
Outpatient Hysteroscopy,53
Tenotomy,53
Tarsorraphy,53
Pan Retinal Photocoagulation,52
Removal Port-A-Cath,52
Incision Male Bladder Neck Endoscopic,52
Novasure Endometrial Ablation,52
Ncir Picc Line Insertion,52
Other Endoscopy On Prostate Therapeutic,52
Examination Under Anaesthetic - Anal Canal,52
Evacuation Retained Products of Conception (Non Obstetric),52
Excision Ganglion Hand,52
Excision Sebaceous Cyst,52
Excision of Overgrowth of Bone,52
Arthrocentisis Tmj,52
Attention to Flap of Skin,52
Biopsy Breast Lump,51
Aponeurectomy Hand,51
Adenoidectomy,51
Brain Stem Evoked Response,51
Excision Benign Lesion Head or Neck Plus Full Thickness Graft,51
Examination Under Anaesthetic -Nose,51
Ncir Nephrostomy,51
Release Golfer's Elbow (Medial Release),51
Simple Extraction of Single Tooth,51
Shave Biopsy Nose,51
Suture Lip,50
Looposcopy,50
Incision Hymen,50
Frenuloplasty,50
Gastroscopy Plus Biopsy Fibreoptic,50
Excision B.C.C Skin Plus Direct Closure,50
Diagnostic Cystoscopy (Rigid),50
Excision Lesion Ear External,50
Excision of Naevus,50
Botox Injection to Anal Canal,50
Biopsy Synovial Menbrane of Joint Open,50
Bulkamid Injection (Female),50
Change of Plaster Cast,50
Correction Entropian,50
Carpal Tunnel Decompression,49
Excision Lesion Scrotum,49
Excision Lesion Nasal Septum,49
Flap of Skin to Eyelid,49
Marsupulisation Bartholins Cyst,49
Ophthalmology Procedure for Attention,49
Removal Grommet,49
Removal Intrauterine Contraceptive Device,48
Other Op On Vitreous Body (Specified),48
Surgical Removal of Retained Root of Tooth,48
Resection Endometrium Endoscopic,48
Manipulation Joint,48
Meatal Dilatation,48
Excision Skin - Other Specified,48
Excision Vocal Cord - Laser,48
Full Thickness Graft to Defect Head or Neck,48
Dilatation and Curettage of Uterus,48
Change of Freka Feeding Tube,48
Cystoscopy - Check and Biopsy Bladder (Rigid),48
Amputation Accessory Toe Simple,48
Biopsy Endometrium,48
Biopsy Cervix,47
Biopsy Lesion Skin of Head or Neck,47
Conjunctival Auto Graft,47
Cystoscopy Diagnostic and Bladder Biopsy (Rigid),47
Dental Clearance Upper,47
Excision Cystic Hygroma,47
Facet Denervation Sacro Iliac Radio Frequency,47
Hymenectomy,47
Insertion of Prostate Rectal Spacer (Under Ga),47
Manipulation of Prosthetic Joint,47
Laying Open of Anal Fistula,47
Urethroscopy - Check,47
Other Repair of Eyelid - Other Specified,47
Other Op On Nail Bed,47
Release Trigger Finger,47
Removal of Freka Feeding Tube,46
Removal Testicular Prosthesis,46
Radio Frequency Dorsal Root Ganglion,46
Manipulation Fractured Bone Under Anaesthetic,46
Lumbar Puncture Diagnostic,46
Insertion Prosthetic Lens Replacement,46
Excision B.C.C. Head or Neck Plus Direct Closure,46
Excision Hydradenitis - Groin,46
Change/Maintenance of Nephrostomy Tube,46
Bouginage of Urethra (Soft Bougies),46
Biopsy Lesion Soft Tissue,46
Biopsy Orbit,45
Biopsy Prostate - Trus,45
Change of Urethral Catheter,45
Excision Cystic Lesion,45
Excision Rectal Polyp - Trans Anal,45
Electroconvulsive Therapy (Ect),45
Insertion Intrauterine Contraceptive Device,45
Incision Eyelid (Other Specified),45
Myringotomy - Insertion of Grommet,45
Laser to Lesion Nose,45
M.U.A. Joint,45
Lignocaine Infusion,45
Ncir Ureteric Stent Retrograde,45
Phacoemulsification Len Plus Implant Using I Ring Pupil Expander,45
Other Op On Nasolacrimal Duct - Other Specified,45
Other Op On Temporo-Mandibular Joint - Other Specified,45
Removal Suture From Skin Head or Neck,45
Removal Intra-Ocular Implant,45
Uvulectomy,45
Removal Sternal Wires,44
Repair Nail Bed,44
Macular Hole Repair Inner Limiting Membrane Peel,44
Helmstein Bladder Distention Endoscopic,44
Injection Haemorrhoids,44
Excision Benign Lesion Eyebrow Plus Direct Closure,44
Banding of Haemorrhoids,44
Biopsy Nerve Peripheral,43
Biopsy Prostate Transperineal Needle,43
Cystoscopy Diagnostc and Bladder Biopsy (Flexi),43
Excision Bone Tumour,43
Excision Cervical Lesion,43
Excision Lesion Lip,43
Epi Retinal Membrane Peel,43
Intra Vitreal Injection of Gas,43
Partial Excision of Nail,43
Pneumatic Retinopexy,43
Transurethral Radiofrequency Needle Ablation of Prostate Using Rezum End,43
Uncinectomy - Fess,42
Suture Hand Primary,42
Removal Foreign Body Hand,42
Zadeks Procedure,42
Irrigation Wound,42
Large Loop Excision of Transformation Zone,42
Myringotomy - Insertion of T/M Tube,42
Ncir Nephrostomy Catheter Exchange,42
Other Op On Canthus,42
Excision Accessory Auricle,42
Excision Lesion Nose Internal,42
Excision Granuloma Cell Tumour,42
Excision B.C.C. Lip Plus Direct Closure,42
Curettage Lesion of Skin,42
Continuous Intravenous Infusion of Therapeutic Substance - Nec,42
Correction Eyelid Deformity - Other Specified,42
Biopsy Tongue,42
Biopsy Lesion of Skin,42
Biopsy Chest Wall,42
Biopsy Artery,41
Compartmental Pressure Monitoring,41
Examination of Pharynx Under Anaesthetic (Endoscopic),41
Intercostal Nerve Block,41
Injection Steroid Into Joint - Knee,41
Injection Steroid Into Joint-Hip,41
Removal / Avulsion of Nail,41
Urethroscopy Diagnostic and Biopsy,41
Wedge Excision of Nail,41
Removal Hickman Line,40
Removal of Septal Button,40
Release Contracture and Z Plasty Head and Neck,40
Other Op Peripheral Nerve,40
Inspection of Wound and Redress,40
Ncir Gastrostomy Catheter Replacement,40
Ncir Ultrasound Guided Liver Biopsy,40
Excision Fibroepithelial Polyp Anus,40
Biopsy Temporal Artery,40
Autologous Blood Salvage (Cell Saver Set Up),40
Biopsy Muscle,40
Biopsy Nipple,40
Amputation Toe - Through M.T.P. Joint,40
Biopsy Penis,39
Vats Long Term Drain Insertion,39
Resuturing of Wound,38
Repair Sclera,38
Excision Pre-Auricular Cyst,38
Laser to Lesion Skin,38
Fixation of Testis,38
Frenotomy,38
Freeing of Preputial Adhesions,37
Introduction of Theraputic Substance Into Bladder,37
Excision S.C.C. Ear External Plus Direct Closure,37
Endoscopic Injection of Neurolytic Substance Into Nerve of Bladder,37
Division Tongue Tie (Frenulotomy),37
Aspiration of Joint,37
Other Op On Nail - Other Specified,37
Re-Bubbling Corneal Dsaek Graft,37
Removal Foreign Body Nose,36
Sclerotherapy to Varicose Veins of Leg (Injection),36
Tarso Conjunctival Diamond,36
Biopsy Conjunctiva,36
Corneal Graft,36
Biopsy Vulva,35
Attention to Replacement Lens,35
Amputation Phalanx of Finger,35
Excision Anal Skin Tag,35
Excision Lesion Uvula,35
Hyperhidrosis Botox,35
Inc/Drain Abscess of Skin,35
Freehand Transperineal Prostate Biopsy,35
Flex Sigmoidoscopy,35
Fasciotomy,35
Nasopharygoscopy and Biopsy,35
Suction Clearance Mastoid Cavity,35
Removal Suture From Skin,35
Removal Foreign Body From Skin,34
Prostatic Urethral Lift Implant(Urolift),34
Nasal Cautery (Turbinates),34
Drainage Lesion Soft Tissue,34
Biopsy Nose,34
Biopsy Nail Bed,33
Excision Pre-Auricular Tag,33
Lithotripsy - Renal Calculus >2Cm - Extracorporeal Shockwave,33
Facet Denervation Lumbar (Radio Frequency),33
Excision Pterygium,32
Excision Lesion Cornea,32
Drainage Lesion of Skin,32
Radio Frequency to Nerve (Peripheral) Destructive,32
Phacoemulsification Lens Plus Implant of Lens,32
Replacement of Intrauterine Contraceptive Device,32
Syringing of Nasolacrymal Duct,31
Reconstruction Ear External,31
Cystoscopy - Check and Biopsy Bladder (Flexible),31
Excision B.C.C. Ear External Plus Direct Closure,30
Inc/Drain Lesion Skin,30
Intra Vitreal Antibiotics for Endophthalmitis,30
Ncir Removal Nephrostomy Tube,30
On Table Ultrasound,30
Pulsed Radio Frequency to Spinal Nerve,30
Removal Foreign Body Ear,30
Repositioning of Iol,30
Suture Cornea,29
Suture Eyelid,29
Op Abandoned Other Reason,29
Amputation Thumb,29
Attention to Central Venous Catheter,28
Aspiration Joint,28
Excision Conjunctival Lesion,28
Dermatology Procedure for Attention,28
Lithotripsy - Renal Calculus <2Cm - Extracorporeal Shockwave,28
Lash Follicle Trephination,28
Tattooing of Cornea,28
Ultrasound Scan,28
Shave Excision Lesion of Skin Head or Neck,28
Punch Biopsy Lesion Skin,28
Pulsed Radio Frequency Nerve Peripheral,28
Removal Foreign Body From Eye,27
Reformation of Anterior Chamber of Eye,27
Mitrofanoff Procedure,27
Ins Tube Into Anterior Chamber (Dr Aqueous Humour),27
Excision Lesion Eyelid,27
Cryotherapy Lesion Retina,27
Chest Drainage Underwater Seal,27
Biopsy Lacrymal Gland,26
Biopsy Lesion Nose External,26
Anterior Chamber Washout,26
Laser to Lesion Skin of Head or Neck,26
Other Op On Conjunctiva - Other Specified,26
Ncir Injection Radiocontrast Material Other Specified,26
Needling of Bleb,26
Rem Foreign Body From Conjunctiva,26
Reduction Nasal Bones Closed,25
Laser to Lesion of Lip,25
Injection Steroid to Muscle,25
Insertion Prostatic Stent Endoscopic,25
Extraction Supernumary Teeth,25
Biopsy Eyelid,25
Check Cystoscopy (Flexible ),25
Cystoscopy and Destruction of Bladder Lesion,25
E.D.T.A. Treatment to Cornea,25
Epilation Eyelash,24
Cystoscopy and Cystodiathermy Laser,24
Curettage Lesion of Skin Head or Neck,24
Biopsy Lip,24
Frenectomy (Tongue),24
Injection Steroid Into Joint-Thumb,24
Injection Steroid Into Joint - Wrist,24
Insertion Urodynamic Line,23
Gluing of Cornea,23
Other Op On Lacrimal Apparatus,23
Epidural Thoracic Theraputic (Single Shot),23
Enlargement of Lacrimal Punctum,23
Dilatation Cervix,23
Repair Conjunctiva (Specified),23
Shave Excision Lesion of Skin,23
Transforaminal Epidural (Tfesi),23
Dacryocystocanaliculoplasty,22
Cyclodiode Laser to Ciliary Body,22
Medial Branch Block,22
Medial Branch Block Cervical,22
Ganglion Impar Block (Sympathic Scaral),22
Facet Joint Injection Sacro Iliac La,22
Insertion Theirsch Wire Around Perianal Sphincter,22
Injection La to Nerve - Peripheral Nerve Block,21
Facet Denervation Cervical Radio Frequency,21
Lower Eyelid Lamella Split,21
Chelation of Cornea,21
Amniotic Graft to Conjunctiva,21
Diagnostic Cystoscopy (Flexible),21
Removal Tube From Nasolacrimal Duct,21
Outpatient Botox Bladder,21
Outpatient Check Cystoscopy (Flexible),21
Removal Suture From Cornea,20
Repair Labia,20
Drainage Lesion Eyelid,20
Alcohol Delamination of Cornea,20
Botox - Bladder,20
Occlusion Lacrimal Punctum,20
Injection Spinal Nerve Root - Non Destructive,20
Injection Steroid - Local Action,20
Injection Subconjunctival,19
Other Op On Lens,19
Biopsy Salivary Gland,19
Biopsy Ear External,19
Epidural Cervical Theraputic (Single Shot),19
Excision Chalazian,19
Punch Biopsy Lesion Skin Head and Neck,19
Punctocanaliculoplasty,19
Shave Biopsy Lesion Eye,18
Examination / Consultation,18
Delamination of Membranes - Retinal,18
Medial Branch Block-Lumbar,18
Injection Botox to Muscle,18
Injection to Spinal Facet of Spine,17
Injection Vitreous Substitute Into Vitreous Body,17
Keratectomy Superficial,17
Medial Branch Block-Lumbar Bilateral,17
Medial Branch Block Cervical Bilateral,17
Lumbar Sympathetic Block (La) Diagnostic/Therapeutic,17
Other Op Anterior Chamber of Eye - Other Specified,17
Caudal,17
Cardioversion,17
3 Snip Operation of Punctum,16
Other Op On Cornea,16
Injection Theraputic Substance,16
Injection Into Bursa,16
Injection Into Vitreous Body,16
Facet Joint Injection Cervical La,16
Paravertebral Block,16
Suprascapular Nerve Block,15
Sympathetic Block (Local),15
Facet Joint Injection Lumbar La,15
Injection La/Steroids to Nerve Peripheral,15
Injection Into Joint,15
Injection Trigger Point - La/Steroid,15
Injection Steroid Into Subcutaneous Tissue,15
Cautery to Lesion Skin Head or Neck,15
Epidural Lumbar Theraputic (Single Shot),14
Injection of Therapeutic Substance Into Coccygeal,14
Facet Joint Injection Thoracic La,14
Stellate Ganglion Block (La) (Sympathetic Nerve),14
Removal Suture From Eye,14
Removal Foreign Body Skin - Head or Neck,14
Other Filtering Op On Iris,11
Cryotherapy Lesion of Skin,11
Epidural Sacral/Caudal,10
Injection Steroid to Joint,10
X-Ray Only,10
Inferior Punctal Cautery,9
Laser to Lesion Eyelid,9
Cryotherapy to Nerve (Peripheral),8
Procedure Not Coded,8
